39TX062QX1OHFOH8FUL76K5L7D3X3S,0.19399443
3CIS7GGG65JS8I3AZ9RG54AE4MUUEA,0.3344986
379OL9DBSSESUVWY1Z8JGBFG9BTY92,0.37703082
3DFYDSXB2W00JYP2DA272KN69UQUJV,0.28918123
31YWE12TE0CZG7IVH6OXJ1H1CFPX7X,0.25362217
3BJKPTD2QCC2H9TQLAL6ZFNV0X7RTN,0.2376484
3NQUW096N688UWPZIKJTM3DK0YG9LG,0.36771375
3VI0PC2ZAYK61DAUYS5ZUN3W24LXO9,0.3068734
37PGLWGSJT6QLR0K1ED5KWZ8UOYKI7,0.31179437
3CVDZS288H011OYXLIK0WCEK310MFM,0.25289991
3SA4EMRVJV2GPNGKAGT7A9LB24SP0N,0.23612717
3T2HW4QDUV7FRSVT57QUJKNX6P2C93,0.22122845
3MG8450X2OAW59S08N7RZG9IIRQUPL,0.38062617
3OJX0UFJ0Z7BDMCTRYBUDQ93DP99UA,0.29146737
3ZQX1VYFTD5GMC9MQKT7EOM3BX38O7,0.41301903
3DGDV62G7O9NLXJYP3XLTXEQZ0H2PL,0.17831863
30EMX9PEVKJFF53G6Q7JOY5V3M5KS4,0.3344986
3W0XM68YZPVFLL4MT7SZSXIMDKMK1A,0.29707968
3TLFH2L6Y9OLDPC56K65Y7FNO5S2TK,0.27723318
3EKTG13IZU3N1G8T7TNYRPJ40XMMLR,0.2120569
3H4IKZHALBIJ7YWEV7IDHWCTAG6NN0,0.382205
3JU8CV4BRLC1S483C1VI0AHT078POD,0.319324
3T8DUCXY0N6WD9X4RTLK8UN1UB7T98,0.18872923
3EN4YVUOUCSS02JXIFDUMRMA3C1JX6,0.40803143
3T6SSHJUZFAZFWAW1BST7GKV2K9IIU,0.26607147
32204AGAABCLNATH55A5MS60NSUHGW,0.31273723
3OID399FXG7YXUSK8PLXDMRQUN9FDY,0.44426507
3QI9WAYOGQB8GQIR4MDIEF0D2P46S0,0.19977374
30Y6N4AHYPWV0KXTZKLRUB59X97RDO,0.23528892
3D0LPO3EABZV1I043OR1D1A54ATOYK,0.26607147
329E6HTMSW2BVOI1GB6IGQXJB4TK3V,0.27477747
3D5G8J4N5A4UAGA7UUQG0CCYL1DTV7,0.17201535
3LCXHSGDLT6CT5B6A4WGQ3SQJNDSES,0.52378
388FBO7JZRTDJX0S29ROYCA0E26NYQ,0.40803143
3R16PJFTS3RWDK15GPB1QVPPP4WK4N,0.319324
3FCO4VKOZ4DQA7REM1Y5VCWUWBR7EF,0.44426507
31HLTCK4BLVQ5BO1AUR91TX9V9CGVW,0.35641003
3QI9WAYOGQB8GQIR4MDIEF0D2RFS61,0.2120569
3UOMW19E6D6WQ5TH2HDD74IVKRJ5C1,0.24619423
3YLTXLH3DF6R0NMG8O0SG1KSOLPHPC,0.3145659
33Q5P9PUSPMUXJD695KTW8PQLSRCZJ,0.2376484
3YZ7A3YHR5TCXMIDZ33DM9MD6UF5S5,0.18872923
3D06DR5225J65XHPA2Y8IB3T6LOAMY,0.44426507
30F94FBDNRKF12C1PDZGZ0IRI9XTB1,0.19307494
3AC6MFV69KILEROMVXYU7ZM6YKVZHE,0.31179437
30Z7M1Q8UYKRK8FLG1OPDT2YMGZA8A,0.382205
35XW21VSVGEQZBLYRQJK3YIASMALS8,0.37837952
3H5TOKO3D9JPE5GGELH0GCK7OBD649,0.37837952
3BC9H1KCYUC36R96UAIBUVNR7E4YWM,0.24916343
379OL9DBSSESUVWY1Z8JGBFG9B89YS,0.17201535
3PA41K45VN4U7YG4VFEGPOVYAGGP71,0.16485235
31SIZS5W59FPPT1Y46RBUAC8GO1QRX,0.19610174
3XU9MCX6VOC8XAZD2V1AYSE50KUR2V,0.17201535
3YLPJ8OXX8D2XK0CF8QQGPXRLD04XL,0.19873692
3WKGUBL7SZM7XQJN1PN25V24E424LB,0.46840945
3NRZ1LDP7W6DR8MAEA6ZG8OXK95ZPF,0.31564265
3NQUW096N688UWPZIKJTM3DK0YGL9S,0.20853454
368IUKXGA58B3Y2ZC59OJAV2F596PW,0.26641276
362E9TQF2HQLJ541BNSQM47FN7HIG2,0.30465692
3LN3BXKGC0V3K0O604W5NVGN2G7WGB,0.3068734
3X2YVV51PU46GLY3ILB2G8CH0RK1WC,0.44426507
3VADEH0UHCXGQW0WJICRKFRUXUFSPD,0.23612717
3MJ9GGZYO36GYTDW0KFO32PV0G7A27,0.2120569
3ABAOCJ4R84YSDO6ZYVU8BIYA39QMK,0.27477747
33NOQL7T9OZSLGNTST4OUMT7VZYZ8O,0.25796524
371QPA24C2OEO4U9NG6RTO5IWZK1T8,0.2376484
351S7I5UG9WNO85TG9QLOPVC1YXJNS,0.39738154
30U1YOGZGAW71ZX6E9LWKLA5JD2SDT,0.2631955
3UV0D2KX1MJLXY9RFEK4AIXKHAGF4L,0.3736811
3XAOZ9UYRZR1WO2H6CCWOJUVCSFQ1D,0.31765005
3XD2A6FGFNUVY9KP2TGUYPRFSSNS9C,0.44426507
3R5OYNIC2C9H5WDB8IHHUKNGZFJTPX,0.3165709
3JTPR5MTZSCE9355UUUBVNV3P2S5KI,0.4845041
3K8CQCU3KE19US5SN890DFPK3SANWR,0.17181614
388CL5C1RJN1927IGW7LZKB8J9XLHN,0.36604744
3K1H3NEY7LZ4BUOFJ9RFV7R2V29GDY,0.36604744
3K2CEDRACB1BKTGYG2PPDGTLUAEMT0,0.25796524
3UY4PIS8QRLGTRPPQKKFKPZQ7FG1NL,0.28410843
3J6BHNX0U9SIZSBBYUQXP4VPGNSKNN,0.27331433
31SIZS5W59FPPT1Y46RBUAC8GQ9QR9,0.32346338
38O9DZ0A62NFBR1TA7YCNXN94XN26F,0.22286831
3Y7LTZE0YTMQJDU6VW5TQEBWSS3ZUL,0.4536081
3ICOHX7ENCBCSWRU12DWGXM7OVV0EE,0.3145659
3VZYA8PITOYCWDY1Q1KTC3GUB4M50C,0.47631186
3ZXNP4Z39RL4GD163NL987ME56G7LM,0.23779672
391FPZIE4CM4SSUCPAZMQ77RW04UH4,0.30126515
3EHIMLB7F7Z6UVNZM7YHUFP2Z9HH8G,0.22286831
30IRMPJWDZJ3EQ33R17EYO0ZHKMKRG,0.2734342
35U0MRQMUJ7EXO5ZYD4H626BMTROVB,0.29883137
373L46LKP76MG2KQJWY5WXE873SKJO,0.44426507
31SIZS5W59FPPT1Y46RBUAC8GQ8QR8,0.4751867
37VHPF5VYC3FDNCJ0FKGJOSMMJPC8J,0.40803143
3Q7TKIAPOTAKXM2GU0OV8ZWARJVLD9,0.29707968
3QGTX7BCHP29YY4RUVXLI2JGTB4Z5X,0.31765005
3JUDR1D0D6R8L9KDPGCAT2404YTQ2U,0.3298403
3TLFH2L6Y9OLDPC56K65Y7FNO5RT2A,0.31273723
3R5LWXWHR08I90TWA9SRPEUUBIKXGC,0.13986407
3SBNLSTU6U542BJK91F4GE786QQZDP,0.19873692
38VTL6WC4AD9T8UMY9V24VAENH15YD,0.44426507
3R0WOCG21M9NGCPA3EGWZMST4ATUDH,0.3225959
3S8A4GJRD33O8IZVYHINP2KK1TY6V5,0.2631955
3Y40HMYLL1I1EIURUEH8TTVLKQ9XUM,0.22286831
38XPGNCKHT0ATVVHFTP8S40652DV4U,0.28364688
3WJGKMRWVI9RUI8AHNVW5G6NXAHCDK,0.31729826
39O0SQZVJN7FJBWJ87I5UJVDB0MR7H,0.23612717
3VGET1QSZ0ZKR7D571SBHI3U3D67W1,0.29146737
3VGZ74AYTGGU62I1JDW4B19KA2XGCY,0.3844899
3X878VYTIEIIGLRAHCIBDUHU8A6F71,0.2980371
3DZKABX2ZI5DOZ8W88VQB2CUXFUVC7,0.29707968
375VSR8FVW9Y3L2PR2AOL3OCLRTZR7,0.44426507
329E6HTMSW2BVOI1GB6IGQXJB613KQ,0.27723318
37Y5RYYI0P5LZ52N59M8ESDXZTEXSW,0.22122845
3JHB4BPSFK9JLT5CAPRP3PCEA2CQ9R,0.22286831
3MG8450X2OAW59S08N7RZG9IITQUPP,0.16485235
3126F2F5F83FGDVEINSMVYNFW5WPE3,0.26779336
30P8I9JKOILSPEZHTY8IXW6K50Z5V4,0.16485235
3BCRDCM0ODUAS75JZD4GNT93LVVK61,0.25587747
3RIHDBQ1NEYLFKP3G880ZXQXJE6HM4,0.15704739
3PZDSVZ3J5HXLQM8D23HIN6TJ124NH,0.36771375
367O8HRHKG8U13EDLYK3HHGZ609S4G,0.27723318
3LG268AV3860SQBTVFWB0TNUXNQERQ,0.2641645
3T2EL38U0MK9MPNAD5X3JSYWH7TQX4,0.19745854
3MIVREZQVHY32PO3EMIETYQULWOQKL,0.40803143
337F8MIIMZDU0UU1CW1J7BAGB8R406,0.25289991
3BFNCI9LYKQN09BHXHH9CLSX5M137K,0.28410843
3DZKABX2ZI5DOZ8W88VQB2CUXHLCVJ,0.34126976
3P520RYKCH6SCZAHO8YD1A41RTPU53,0.39965016
3421H3BM9AH2Z61ZFZ7G6O0SW9B9JE,0.44426507
3566S7OX5DJRQ6X2AD3QOSD072N17Q,0.28662407
3DGDV62G7O9NLXJYP3XLTXEQZ2CP27,0.18872923
3OB6JN3A9QPY4E36CDKUD1S36PHRMS,0.38547748
32CXT5U14G3BZHTJM65GDUESTJQU85,0.38062617
3ZICQFRS31I75COG1J4176QBUACZZ4,0.31179437
359AP8GAGGKBD970QASA5OWRBX27C6,0.35650882
3NSM4HLQNRUPDSMYRR2BPK23K2GQQD,0.3298403
3O2Y2UIUCQU6B0YU067KHZMGEW6KFG,0.24619423
3LB1BGHFL2WBEA5CZ5D07BGS3KSYT2,0.21191245
3TC2K6WK9G22F5KH3MVA7BJ0ASD281,0.22034551
3D06DR5225J65XHPA2Y8IB3T6LNMA9,0.23542726
31SIZS5W59FPPT1Y46RBUAC8GOWRQT,0.44426507
3S1L4CQSFX50ZNP8OFUVNLJK9I4FAK,0.27010593
3TUOHPJXYHXE6MJWPEW9BHGI56YWXY,0.44426507
3RTFSSG7T86J6S27BVTL0NLVYXTLW6,0.382205
32FESTC2NHQDBKJW3ILLFGABJACCUU,0.36604744
3D17ECOUOEV9PNWF8100BB1K20131N,0.25658372
3WKGUBL7SZM7XQJN1PN25V24E4BL41,0.29146737
338GLSUI43B4ZJB25FGM8LDQVQOSFA,0.44137195
38LRF35D5LWPYKNDAPAKMD6HDXYU3D,0.44426507
3FW4EL5A3LORTQISN5M9XK6XOQ322C,0.19240406
3TZDZ3Y0JS6V4PLVPA1A2O462SB91A,0.44426507
31KSVEGZ34SU9QXKGFQHMZUU4PDWR2,0.19399443
3OND0WXMHWFN3WXQZAKHMPLOAESHEW,0.3563316
3UEBBGULPFOKEW36UKBMNMVEGLRUF6,0.20885178
3P6ENY9P79WZJ1ZCVTA874JG27ZHI5,0.4845041
3THR0FZ95PTB1JT5K92BJT89VX7LOB,0.345448
3G5RUKN2EC3YIWSKUXZ8ZVH95RG9NE,0.18123844
3P0I4CQYVY7RCD54ON9DS4PPT2YWOY,0.40803143
3THR0FZ95PTB1JT5K92BJT89VX2LO6,0.382205
3VADEH0UHCXGQW0WJICRKFRUXWBPSA,0.32346338
3SZYX62S5G0QEOYLB052RIQHJIS57C,0.27774963
3R16PJFTS3RWDK15GPB1QVPPP6X4KC,0.382205
3RSBJ6YZECQP1RJ9YYZDOG3PYZ8OFS,0.25796524
3EAWOID6MTXTU7DGWS26G1ATOSNV08,0.15704739
386659BNTLHD8VXIPEIH9D3DZOH01P,0.44426507
3SMIWMMK615MPIP1K9LMRAHEBOMWUB,0.2980371
3BJKPTD2QCC2H9TQLAL6ZFNV0XDTRV,0.44426507
3OCZWXS7ZO7PT9NNFU6CAN8IE2X5LL,0.27583134
31YWE12TE0CZG7IVH6OXJ1H1CF1X79,0.46840945
3TL87MO8CMPHV6GCL6JLWZZV3WBFLE,0.43896976
3NKW03WTLM7UXPIK301HH9KP85NQWB,0.2873427
32CAVSKPCEPTOH9YNLW1YKRKFDQU1R,0.319324
3J5XXLQDHMBPBZCDFFKPIZ80R2HV39,0.26859042
3GS542CVJVNUS7MEQX3M5EHNE6G59K,0.28766724
3ULIZ0H1VA5C32JJMKOTQ8Z4GUS51B,0.17181614
3R868ACW4SC7EVTBBRGCMZA5JKOGZ2,0.2433598
3VGET1QSZ0ZKR7D571SBHI3U3FW7WV,0.30661374
3QXFBUZ4ZKGQSWZ154H457VQH23UGL,0.23156059
34D9ZRXCYRU93SUUUZUUUK2ZYABSAX,0.23612717
3P888QFVX3UMSG9ICEA70F7353UOQ3,0.22122845
3LOJFQ4BOXF9DGKY90CUTZJV2JQDKY,0.26134872
3ABAOCJ4R84YSDO6ZYVU8BIYA39MQG,0.31959584
3S8A4GJRD33O8IZVYHINP2KK1TA6VH,0.23798451
30Y6N4AHYPWV0KXTZKLRUB59XBPRDA,0.22286831
3RIHDBQ1NEYLFKP3G880ZXQXJGEHMG,0.37703082
32XN26MTXZJQY21MIO00TSCRXUM0LV,0.23528892
368IUKXGA58B3Y2ZC59OJAV2F7EP6O,0.28918123
3IKMEYR0LWVMA6MICBSDXGSR5Q0K2R,0.40287995
32K26U12DNONTREA84Q1V8UCIHXDVK,0.44426507
3M93N4X8HKNK4LXYO577NJ5IOV9SJD,0.23844245
3GMLHYZ0LEXQENK1ZA3AC72UMWMYUC,0.26134872
3FBEFUUYRK54GUWXNMRRTF67GL96AK,0.25396886
3MG8450X2OAW59S08N7RZG9IITWPUQ,0.46524847
3YLTXLH3DF6R0NMG8O0SG1KSOLUPHP,0.45763367
302OLP89DZ7TWB5YXD4UFFYHC7KCAI,0.26134872
36JW4WBR06KF9AXMUL4N476OMF2FH7,0.2897514
3LN50BUKPVBTMJ56Z9FQ8TDZ523LPS,0.29146737
3FCO4VKOZ4DQA7REM1Y5VCWUWBWE7R,0.22122845
3DTJ4WT8BDF9UHXK5WQOMWPT62RZEI,0.21191245
33N1S8XHHMLAAG38T8V9FC6ZHV61ZO,0.44426507
3OB6JN3A9QPY4E36CDKUD1S36PBRMM,0.16485235
37S0QRNUFBGD1KM6J34BH2W3WSZ884,0.25311303
3CZH926SICETRK9VK30YS0CK57P4EC,0.38458398
3QXFBUZ4ZKGQSWZ154H457VQH29UGR,0.3298403
3NSCTNUR2ZN8XQWJI3HM19S7KOMA5S,0.19170529
33N1S8XHHMLAAG38T8V9FC6ZHTT1Z7,0.44426507
3HYV4299H0WUALWXW6QB9CSP7VX8E3,0.15704739
3Z56AA6EK405IV5MKPHW2617A2XM6J,0.2433598
3UYRNV2KITZY4R9AP5TUZZMYLLXN82,0.44426507
3G3AJKPCXLSRXPQMK4CSZ340NJFY46,0.2526399
3P4C70TRMRHN96C7WQP3EKZ74BGGLJ,0.44426507
3RQVKZ7ZRKJYFRFYTH34TBN5Z61274,0.23528892
366FYU4PTGPE5MYY5VNEZH1G2VWKE3,0.4845041
3ABAOCJ4R84YSDO6ZYVU8BIYA3FMQM,0.2631955
3K8CQCU3KE19US5SN890DFPK3U6WN0,0.2873427
3SA4EMRVJV2GPNGKAGT7A9LB24N0PT,0.3068734
3CVBMEMMXBG2UHIGC26BGFT7ORJ7HV,0.2832556
3RWB1RTQDJNY7CLN5K6M3ORTL2YP84,0.20214547
371Q3BEXDH9A40226RATBDT87VCZSZ,0.26641276
3R6RZGK0XFCQR29140DF8T4D03VYV1,0.23397283
3MJ9GGZYO36GYTDW0KFO32PV0EV2AJ,0.29707968
3IH9TRB0FBZOFQEYT47NFH39LIY1IL,0.2433598
3AA88CN98P3CBRFP5WZ86KTWK7VYKQ,0.27583134
3TRB893CSJAOULN5SWOTVFH69PU7GG,0.39738154
3P458N04Q1HSU6LPBU72NA0T11LX23,0.27723318
3HXCEECSQMT70MEB5X2ITZH9OEWYZW,0.27583134
3Y3CZJSZ9KT0W7I0KE38WZHHKURR52,0.2980371
3OKP4QVBP2X6DNL3ZZ0D56JWAZCAGQ,0.22122845
3R868ACW4SC7EVTBBRGCMZA5JI6ZGZ,0.319324
3P4ZBJFX2V3X60SBPKQN5AGB13KWFT,0.2120569
3FO95NVK5C0129GBWAGGPAR9YCHRSI,0.32851684
378G7J1SJLY50MSFU96HNSVBP25WEB,0.38547748
3EQPA8A374WH5XJCJX1FJC2LBC5JZ9,0.2433598
37MQ8Z1JQEWHUBBZGQT46O7235K2YF,0.19399443
3MA5N0ATTCB8MMKPQVHKLN8G9ZVWKP,0.31765005
3DWNFENNE3V120VNY4BPPGPCAHX4JD,0.52378
3Y7LTZE0YTMQJDU6VW5TQEBWSQLUZU,0.27583134
31N9JPQXIPIRX2A3S9N0CCFXO6OHNG,0.36604744
3QHITW7OYO9XQCFH2V5PZKNYGMLQA1,0.2433598
3YOAVL4CA0HR2F0RGQEBDAD2TDA4ZU,0.23542726
3P7RGTLO6EDBF9HMPQLS3YBPHESKAY,0.16485235
3ZTE0JGGCESIYFZZ7W9CGAIM1OOCOH,0.2120569
3QO7EE372ON29MK9895LUV74Y2FQB1,0.32031178
3ZLW647WALVGE8EBR50EGUBPU6F233,0.21874058
30U1YOGZGAW71ZX6E9LWKLA5JBCSDZ,0.25658372
35O6H0UNLSGJYJZNC9UZU8VQAB25JP,0.27010593
32TZXEA1OLKU7JFJ8F5JLGTQG0X146,0.3298403
3BA7SXOG1JQJJP12ICAB8JR8MKSR84,0.3173696
3J9L0X0VDFMO5Q1YMYQVVEU0Y5K9W9,0.27010593
31SIZS5W59FPPT1Y46RBUAC8GQ8RQ9,0.32682574
3MIVREZQVHY32PO3EMIETYQULYFKQA,0.18872923
3Q2T3FD0ON86LCI41NJYV3PN0BW3MV,0.17181614
334ZEL5JX6FY5WOV4IZCVFM4NP9SOM,0.23612717
3UDTAB6HH6ZVX00DTRXAOJLWX0509Y,0.36604744
375VSR8FVW9Y3L2PR2AOL3OCLTTRZ3,0.19399443
308KJXFUJR6AIS79JZZK4PYL0TKATZ,0.34367943
3UAU495MIISEK9GZTNUCAG4S8OUUO8,0.27477747
3A9LA2FRWSEW9WO7UFA9AE6VQKYHX0,0.19170529
3QGTX7BCHP29YY4RUVXLI2JGTBAZ53,0.31835896
3QREJ3J433XSBS8QMHAICCR0BQ1LKR,0.17894894
3MWOYZD5WVO1PJWQWMIQWLCY0QUONZ,0.22363725
3NQUW096N688UWPZIKJTM3DK0W49L0,0.23528892
3PIOQ99R7YMW2OGNS8UZVR4NIEVUNZ,0.18872923
324N5FAHSXBV7XKK0LCOZLP22QUKV4,0.2873427
36MUZ9VAE626RGSODE1RV46QIMZEDK,0.31959584
3X7837UUADYFHNZ1HS44ME9Q688J6I,0.18123844
322ZSN9Z5GKVG3RSAYPTRMCL8HO4TE,0.40480024
3K2CEDRACB1BKTGYG2PPDGTLU88MTQ,0.18123844
341YLJU21IZV4BWUC871K0DEDM4I27,0.46840945
3L2OEKSTW9ASGQDOW725GFK5P71Y87,0.31870174
32TMVRKDGNYCIJZ470EY0QGYU6348T,0.40287995
36D1BWBEHN1H0UMLXN5TCTKVUV62MP,0.32851684
31YWE12TE0CZG7IVH6OXJ1H1CH1X7D,0.21191245
334ZEL5JX6FY5WOV4IZCVFM4NRFSOW,0.23477101
3NSCTNUR2ZN8XQWJI3HM19S7KQYA58,0.3070239
3CMV9YRYP31X08284WA6BXRNW3XJLQ,0.40287995
3PZDSVZ3J5HXLQM8D23HIN6TJZ24ND,0.2641645
30P8I9JKOILSPEZHTY8IXW6K5YYV5P,0.23909363
3TLFH2L6Y9OLDPC56K65Y7FNO322TQ,0.29146737
3P520RYKCH6SCZAHO8YD1A41RTVU59,0.36947125
3TZ0XG8CBUKDFP5GOVAPHYREGYH89T,0.3298403
3BFF0DJK8XCEIOT30ZLBPPSRMZQTSD,0.17181614
3GMLHYZ0LEXQENK1ZA3AC72UMWHUY3,0.19745854
3T6EIBTM9LO53W80DZ839K8TC2NAAY,0.19399443
3ZLW647WALVGE8EBR50EGUBPU7W23M,0.3317433
3ZQX1VYFTD5GMC9MQKT7EOM3BYK8OQ,0.37286305
34O39PNDK682LNZ9LOULZLH9UQWRBM,0.19745854
3JUDR1D0D6R8L9KDPGCAT2404YC2QP,0.19179365
3GVPRXWRPHU2QCT0IKOWGRUMO4N7ID,0.29415575
3PMR2DOWOO1TV1G2927VO667SGR45G,0.19170529
3XABXM4AJ15J7OM25XLB3TH3QY48QY,0.27010593
3QGTX7BCHP29YY4RUVXLI2JGTBTZ5M,0.20214547
3MGHRFQY2LPAY18L13PQN0EN69F0YC,0.2507682
322ZSN9Z5GKVG3RSAYPTRMCL8JCT4V,0.39339244
31SIZS5W59FPPT1Y46RBUAC8GQRRQS,0.3192862
33QQ60S6ASITHSOGR2S1KF8AALZ0U9,0.2605164
3MDWE879UH2WHN3NR7UZ80HFO4QB9J,0.23993286
32ZCLEW0BZKNRTH6WO3DSE071DCPJ8,0.14630651
3HRWUH63QU2FH9Q8R7MRNFC7JYDN5N,0.2200068
3LAZVA75NIR50X7XA3K64X90PXU2OH,0.371662
3RBI0I35XE36FT7IKQ79PYCU9LT3Y4,0.12080206
3L1EFR8WWT5MU4F3W9GVRQ8032JF96,0.37271976
33J5JKFMK6YX6RGWTGQFCC9SACHQ3T,0.28343174
3N5YJ55YXG3CNF2PM3D8VQSTBCFANH,0.20529272
337F8MIIMZDU0UU1CW1J7BAGB8G04R,0.29393283
3ZURAPD288N45ZC8SW12CKQH5QV1FJ,0.29415575
3OLZC0DJ8JF412UW0IRCM5APAMTVIS,0.42833155
33W1NHWFYHLBJ0FHVRFJLIPU9EFZTD,0.24433878
3XBYQ44Z6P47P5ACK4VCMEVCSCBWTK,0.5722426
38RHULDV9YFHGRU1QSW887T3HVVIWP,0.30262253
3WKGUBL7SZM7XQJN1PN25V24E6R4L4,0.37286305
3IKDQS3DQE082TOW91W7WDM0PG6ICB,0.34556556
33KGGVH24UHL5L3TSQ7OIRQO9VL1X4,0.19240406
3INZSNUD80QPWK1753L53Q5FRQV9DJ,0.43572348
3421H3BM9AH2Z61ZFZ7G6O0SW9U9JX,0.1935642
335HHSX8CD5IBQJQ3F9XG733A33DHD,0.27385306
33BFF6QPI1B2QOCI5PPL41REYDT3W5,0.25166458
31HLTCK4BLVQ5BO1AUR91TX9V9WVGV,0.52146363
37VUR2VJ6APX2NSY1UB14E5E8DXC1D,0.27754435
3UEBBGULPFOKEW36UKBMNMVEGOLFUR,0.43357784
36KM3FWE3RCRJHCKEUZQANUQ2A070C,0.48610076
38F60IALAGHEHF9RRX2RFJM8R7X0TN,0.371662
3W0KKJIARR9XWLO7SS1E775URSCK8I,0.22959152
3ZURAPD288N45ZC8SW12CKQH5QPF1R,0.53466666
3AC6MFV69KILEROMVXYU7ZM6YKKZH3,0.24507323
3X0EMNLXEPPWIOH0DDHWV2B1W0OVP4,0.20853454
3YZ7A3YHR5TCXMIDZ33DM9MD6WTS5A,0.5833913
3R868ACW4SC7EVTBBRGCMZA5JLZZGY,0.2739596
3YCT0L9OMM9GNBOJ33ZZGQMZXIMNSQ,0.27754435
32CAVSKPCEPTOH9YNLW1YKRKFDA1UI,0.18034805
37Y5RYYI0P5LZ52N59M8ESDXZVYXSK,0.27936947
37J05LC5AXJE2WEGRFCISKJINU9DJI,0.31742564
36QZ6V1589DTI18S04BLULET5EEUSO,0.22676495
3538U0YQ1FU0F2QNF0FL0D5E3A3F3J,0.25581467
307FVKVSYRF8I5ULXVMSMQK3JMG74S,0.52146363
37G6BXQPLQL0GPWTI07BV3DP112QEF,0.331257
3XEIP58NL0NN0N7CMIDSZRFDF1TZLA,0.25797847
3E9ZFLPWOYSW5RZR0XSUAQ7AQXWIXD,0.27371827
38G0E1M85M59ATPWUZGQ58Y04HGUVZ,0.37551978
39TX062QX1OHFOH8FUL76K5L7GWX3R,0.2739596
3HJ1EVZS2OJXISVW6VFFH2JX6YK3R8,0.20295152
329E6HTMSW2BVOI1GB6IGQXJB7I3K9,0.1860592
3VAOOVPI3ZS3VYQ87HMJRC4F0SLLLD,0.20853454
3RKHNXPHGWWVUIVKVV2J3ZNJOK2KUY,0.30665594
32LAQ1JNT9PUX1L7P4GB4QAF7XSUTD,0.24999349
3XUSYT70IT170QDU572CAF4MOL90D4,0.5345932
3V0TR1NRVA2Q17SJ4YYCWHMTKVL4AH,0.27385306
3NC6WP7WJHKZHME6F90N9Y2BW6TWWA,0.21442468
3B6F54KMR2CD94HUYG11JJ9WUGOS1S,0.31742564
3KG2UQJ0MJO4AV96BZAULQ7YFT8NQ6,0.19992927
3XU9MCX6VOC8XAZD2V1AYSE50KE2RQ,0.4146675
3SU800BH86SH5LTF80MGZLZSNP1UQ5,0.37938482
3PKVGQTFIHKYYVSKVG857WFAFZ9RYW,0.5821379
3TFJJUELSHP4R8AUKYBF9XFJ0JB2CK,0.2221717
3XUY87HIVPE77YQE75ODR2YT02WMMD,0.30411986
3MG8450X2OAW59S08N7RZG9IITFUPE,0.27010593
36FFXPMST9O9FNAFTONDR1F2EGCOHL,0.28343174
3CVBMEMMXBG2UHIGC26BGFT7OS0H7O,0.36029875
31S7M7DAGGQREBYDGQOAD3EWU52TLJ,0.52146363
33IXYHIZB5IJO6U8GPHAZLFMLVOE2P,0.2783076
3ZVPAMTJWN3YC47K1AMZ0W86A3OGRS,0.2932323
306W7JMRYYYW3IKDMFOL84M44Y8B8U,0.3317433
33NOQL7T9OZSLGNTST4OUMT7V1P8ZS,0.43572348
3W1K7D6QSBHBNEL0V5OYLOJ837ABZU,0.46577504
3VGZ74AYTGGU62I1JDW4B19KA2GCGD,0.22081049
3RBI0I35XE36FT7IKQ79PYCU9LTY3Z,0.33231735
391FPZIE4CM4SSUCPAZMQ77RW3YHUR,0.3610291
3VMHWJRYHVGCV0X1ZPM97TUIA61XF0,0.32428026
3CMIQF80GNQW3A3ECIODJFLCK3E6QA,0.60560226
3HJ1EVZS2OJXISVW6VFFH2JX6YE3R2,0.19321156
3SU800BH86SH5LTF80MGZLZSNPWUQ0,0.25581467
3DWGDA5POF4T1WYYSB66U6T3TLC1V2,0.24433878
3D06DR5225J65XHPA2Y8IB3T6LCAMM,0.3238386
3SU800BH86SH5LTF80MGZLZSNQUQUW,0.19992927
3O2Y2UIUCQU6B0YU067KHZMGEWPKFZ,0.27936947
3K3G488TR280K6307ZE8R97CO91Q5E,0.20295152
3JYPJ2TAYI87MRVADYCSDG8F87TPF5,0.41832334
3XBXDSS888JYVS7XL0P726Z271VLXZ,0.3091977
375VSR8FVW9Y3L2PR2AOL3OCLTIRZS,0.3225959
3KLL7H3EGD1457JCU09RMT9AA9FHVM,0.19240406
3KVQ0UJWPXL543ZMJ8DEJYPYC9K5WX,0.19780931
3D7VY91L65XBO7MHGGY4DMNZO4QBMD,0.20529272
37OPIVELUU3KDJGEJ5IVQ6VXPZ8AH8,0.1860592
3WKGUBL7SZM7XQJN1PN25V24E6L4LY,0.30212066
32TZXEA1OLKU7JFJ8F5JLGTQG1F41T,0.3162465
3D1UCPY6GG9R0NG07M9FQLOSG6R38R,0.4001078
39HYCOOPKOL434K1UCPA8CBZRO4DMM,0.25658372
304QEQWKZPKY4N4JVGGSL9GLSZF0O0,0.27031192
3E9VAUV7BWE6ZE63T5MJC6Q0FWJAY7,0.2431022
3MDWE879UH2WHN3NR7UZ80HFO4L9BC,0.26539606
35A1YQPVFEGN38FHUR9ZI7GQXYMI53,0.31742564
366FYU4PTGPE5MYY5VNEZH1G2VAKEH,0.2508051
30UZJB2POHC8D5XY9O2CE1E1EGV53W,0.40040705
3IWA71V4TIGGC74QYWJ5DNH5H676XD,0.3173592
35O6H0UNLSGJYJZNC9UZU8VQADBJ5G,0.27754435
35U0MRQMUJ7EXO5ZYD4H626BMVSOVG,0.41832334
3IHWR4LC7DD6QQYJSPG2URQHZPLI85,0.26539606
31JUPBOORN48GR6PDSDFM7I9GSI8LA,0.37527165
382GHPVPHSRQHMTYVJJ2998NEK043Q,0.23678286
3XAOZ9UYRZR1WO2H6CCWOJUVCTW1Q7,0.2739596
3T8DUCXY0N6WD9X4RTLK8UN1UCJ9T2,0.44469678
31D0ZWOD0AZ92JAILXBAKEWG3IC0A2,0.3637628
31GN6YMHLPS6A5XXV4QMC9ZQQTSSWM,0.19610174
3SNR5F7R92TNZR8A5S22M1M3ARQIE9,0.24999349
3SCKNODZ0XGU4D4RF01OLZQ3A3H7NT,0.23542726
3MIVREZQVHY32PO3EMIETYQULY3QK4,0.22081049
3SSN80MU8CONBMPF00D6N6MNI1LKXQ,0.28918123
359AP8GAGGKBD970QASA5OWRBZXC7A,0.39339244
3VGET1QSZ0ZKR7D571SBHI3U3GDW73,0.24999349
3W3RSPVVGSR6EOD2GVEKIZ0YDK7ULB,0.25658372
3J5XXLQDHMBPBZCDFFKPIZ80R4X3V1,0.5833913
3H5TOKO3D9JPE5GGELH0GCK7OBW64S,0.3395306
3SBNLSTU6U542BJK91F4GE786SMDZ3,0.28310925
37VUR2VJ6APX2NSY1UB14E5E8D3C1J,0.21349633
3MXX6RQ9EV5XOBYLTHG9MCBOJGRP4M,0.17728934
3E22YV8GG16JAJ8RBMV5LLHOAXMPNH,0.19992927
3OREP8RUT2BBWXQV5D090H32SHGGBA,0.25012875
3NKW03WTLM7UXPIK301HH9KP856WQ0,0.1967422
3CRWSLD91K4V71BQKL3QJ6NYV2GMOX,0.48610076
3XD2A6FGFNUVY9KP2TGUYPRFSS7S9W,0.16980976
36GJS3V78VQHEGO7T5DQY5MF0MUJG3,0.43357784
371DNNCG442WZ4EUM1F68YSQA53T8X,0.27385306
3K1H3NEY7LZ4BUOFJ9RFV7R2V2SGDH,0.3192862
3NRZ1LDP7W6DR8MAEA6ZG8OXKCMZP2,0.2783076
39WICJI5ATS6KJHNGC9S35LWFF33Z1,0.52146363
3KL228NDMVMCP0UPBQD2ZKMSFBUKG3,0.32780913
3VMV5CHJZ8FBSJKC5ZRU0B9OYOGTGD,0.2783076
3U74KRR67MLH2B1YS34PQVILZ07NTK,0.5833913
30EV7DWJTVV5CCU03S57W1OEJC0Y6A,0.19240406
3A520CCNWN08T9PCT4AP53YKXKEAES,0.3238386
3CMV9YRYP31X08284WA6BXRNW3GLJB,0.48610076
38Z7YZ2SB32CWUYFEJX2GIBHTU9IQG,0.32978445
3VLL1PIENQOV68A9ZATKR8J7A7QZOL,0.52146363
34F34TZU7WZRZMG0UQS1W1SEQ3Q2J4,0.24711475
3IYI9285WS04X482RJH78E102U2JCT,0.23678286
3G3AJKPCXLSRXPQMK4CSZ340NLP4YQ,0.20853454
3ICOHX7ENCBCSWRU12DWGXM7OX50ES,0.2507682
37SOB9Z0SSXMFU0J1BIJVQAY07NL3U,0.24999349
33NOQL7T9OZSLGNTST4OUMT7V1UZ8O,0.28343174
3KTZHH2ONIFSM9OAD4EUMKXYGX7M8P,0.53466666
31S7M7DAGGQREBYDGQOAD3EWU60TLJ,0.25658372
3B0MCRZMBRUJD4K4R18XPAMJACNPPD,0.20529272
3NI0WFPPI9G8FHYFVKUY49UU7ZH60D,0.27385306
3S8APUMBJXJ5IXU0UTURIW3QR3EBF6,0.42833155
3XEDXEGFX3OFEWJ4XOOZESZC8U10KC,0.391775
3HEADTGN2PSHU1XFQ5LL0XBGXJ5VRR,0.28343174
3ATYLI1PRT256T55HOQY3EVHR8GJOL,0.24409164
3TLFH2L6Y9OLDPC56K65Y7FNO5H2T9,0.26933873
3FJ2RVH25Z62TA3R8E1O77EBUYE299,0.36176974
3M47JKRKCX1QX63IQO7DXO0CQXX684,0.20295152
3CESM1J3EI31N7Z0ORNJB43Y840W69,0.19780931
366FYU4PTGPE5MYY5VNEZH1G2VAEKB,0.22081049
3LN3BXKGC0V3K0O604W5NVGN2I3GWV,0.19780931
3WRAAIUSBJZHZ9GTO90HTSJRDPRAX1,0.24596243
31KSVEGZ34SU9QXKGFQHMZUU4REWR7,0.2903066
37VHPF5VYC3FDNCJ0FKGJOSMMJ3C8X,0.14630651
36D1BWBEHN1H0UMLXN5TCTKVUXL2M8,0.23993286
38B7Q9C28G5QBBMSVGDRXKVNA4869O,0.3238386
30F94FBDNRKF12C1PDZGZ0IRIBOTBW,0.2857549
3Q7TKIAPOTAKXM2GU0OV8ZWARJEDLK,0.391775
3TZ0XG8CBUKDFP5GOVAPHYREGY698J,0.30411986
3BC9H1KCYUC36R96UAIBUVNR7ENWY3,0.14630651
3SV8KD29L4SCGHPU1I1RKR2YQ2GZK1,0.26539606
3CKVGCS3PG5D2FWC2XX15EQMPOIS0P,0.22081049
3XWUWJ18TLQ9XE0WP96L9MWHQA2UU5,0.23595104
3OCZWXS7ZO7PT9NNFU6CAN8IE2G5L4,0.20295152
37J05LC5AXJE2WEGRFCISKJINV7DJI,0.22324911
3H5TOKO3D9JPE5GGELH0GCK7OBW46Q,0.55485153
3KTCJ4SCVG1AB94PEJ5F7AAQ2R11MK,0.19321156
3SBNLSTU6U542BJK91F4GE786SRZDU,0.27430725
3LG268AV3860SQBTVFWB0TNUXN4ER4,0.2507682
3ZZAYRN1I6RZKW1ATI425KIQPA7TO0,0.25658372
3HY86PZXPYICZLCCXLHWU25HTPA1EV,0.39367223
33NKDW9FFXI5SODR8NW8ZN9FDSHXCV,0.5821379
3WJGKMRWVI9RUI8AHNVW5G6NXA6CD9,0.5833913
374UMBUHN5PYB7473DVBAKO90WTTC8,0.21442468
3WJGKMRWVI9RUI8AHNVW5G6NXA0DC4,0.41886672
3OJX0UFJ0Z7BDMCTRYBUDQ93DPRU9D,0.17831863
3UOMW19E6D6WQ5TH2HDD74IVKT25CO,0.2507682
3PMR2DOWOO1TV1G2927VO667SGL54B,0.44469678
3087LXLJ6MG4YARQWDX2YF770ZH0F9,0.29415575
3K1H3NEY7LZ4BUOFJ9RFV7R2V2XGDM,0.2903066
39N6W9XWRDN795J6F5ET8S13DQ3GYU,0.37286305
3B9XR6P1WEVLNZGWDJLCXUVIK92JBM,0.37286305
32K26U12DNONTREA84Q1V8UCIIEDV3,0.2739596
3CESM1J3EI31N7Z0ORNJB43Y84V6WE,0.16737223
375VMB7D4JJI7LUA9XRIGJ4IAFKIDB,0.29415575
3OB6JN3A9QPY4E36CDKUD1S36PVMR1,0.28000262
34F34TZU7WZRZMG0UQS1W1SEQ3K2JY,0.40040705
37Y5RYYI0P5LZ52N59M8ESDXZVYSXF,0.30004013
3L2OEKSTW9ASGQDOW725GFK5P7LY8R,0.2739596
3GS542CVJVNUS7MEQX3M5EHNE9X597,0.34774247
3L55D8AUFAXUST31DJIAI1GOFY6CYB,0.20529272
3KI0JD2ZU1IMXSYZGJF7JO4HFEK76D,0.41205943
37SQU136V7ODFKI0LXMHNIMN4G711D,0.2903066
3ABAOCJ4R84YSDO6ZYVU8BIYA3YQM9,0.49628732
31YWE12TE0CZG7IVH6OXJ1H1CHKX7W,0.3395306
39RRBHZ0AU1QWSJ60MFYM0DF6ZVZVT,0.41832334
3DTJ4WT8BDF9UHXK5WQOMWPT64SZEN,0.2783076
3URJ6VVYUPNF3BMKEH3UXC6Y9BVO44,0.44469678
39I4RL8QGJH5BU0XA484D39XXPHH49,0.371662
3HKIF5DF6YXS84BY7TMD9B8C4HD9GT,0.2783076
3566S7OX5DJRQ6X2AD3QOSD072671F,0.44426507
3MG8450X2OAW59S08N7RZG9IITAPU4,0.44469678
3TKSOBLOHLGF5GIKPR8VZ6C5C4OBBO,0.27385306
3EN4YVUOUCSS02JXIFDUMRMA3CQJXV,0.19992927
37Y5RYYI0P5LZ52N59M8ESDXZV3XSP,0.19780931
3CVBMEMMXBG2UHIGC26BGFT7OR7H7T,0.19307494
3EN4YVUOUCSS02JXIFDUMRMA3DJJXQ,0.42833155
3J06WJ78HNK9N8EWZPQV1U0JIOPVVP,0.37286305
32TZXEA1OLKU7JFJ8F5JLGTQG0M14V,0.3395306
31HLTCK4BLVQ5BO1AUR91TX9VAUGVG,0.3317433
33KMQD9OFJE51SC4ZTKZP24DAOC77I,0.4146675
38XPGNCKHT0ATVVHFTP8S40654T4VN,0.16737223
3ZLW647WALVGE8EBR50EGUBPU6Y23M,0.1860592
36818Z1KV3D5JB9F4KTTMCUN6UR3AV,0.40040705
3L1EFR8WWT5MU4F3W9GVRQ8032D9FU,0.24711475
3VJ4PFXFJ37PI5MYJ4PU9LKNJ88UAT,0.5833913
3E9VAUV7BWE6ZE63T5MJC6Q0FVLYAV,0.38084683
3MG8450X2OAW59S08N7RZG9IITFPU9,0.44469678
34OWYT6U3WH64VHTXHMGUNLSJUB9IR,0.2903066
3KWGG5KP6J2UYCENUGUZO6TH6OSCML,0.1935642
3OB6JN3A9QPY4E36CDKUD1S36P0MR6,0.30004013
3AJA9FLWSCYF558603M84J73MS5FIO,0.48354763
3G3AJKPCXLSRXPQMK4CSZ340NLUY4P,0.5821379
35F6NGNVM8JSZQ9BCWN0UYWVZL37TU,0.22081049
3YO4AH2FPDK1PZHZAT8WAEBL70SQ0T,0.31742564
32TMVRKDGNYCIJZ470EY0QGYU6M84G,0.40040705
3K8CQCU3KE19US5SN890DFPK3UPWNJ,0.43677855
36U4VBVNQODHHM8FLFBG4B9XJB3RU3,0.19780931
3QMELQS6Y5BWFBIEPXDDO5VHGPLR61,0.26782742
3BA7SXOG1JQJJP12ICAB8JR8MKB8R4,0.3238386
3W0KKJIARR9XWLO7SS1E775URT9K8H,0.2507682
37OPIVELUU3KDJGEJ5IVQ6VXPZ8HAF,0.29766363
388CL5C1RJN1927IGW7LZKB8JB7LH1,0.42833155
3EAWOID6MTXTU7DGWS26G1ATOSD0V3,0.2932323
3NI0WFPPI9G8FHYFVKUY49UU7ZM06C,0.4146675
3ICOHX7ENCBCSWRU12DWGXM7OY2E05,0.20529272
3QTFNPMJC6IDONAXYVT7CJJ2KWTNZ0,0.22324911
3CO05SML7V5110WZN8XWF4LQ3NS0R4,0.29707968
30QQTY5GMKK7Z3O0C1DAZUIXI02U72,0.2203703
3RBI0I35XE36FT7IKQ79PYCU9LYY34,0.48610076
3SD15I2WD2U4W9XCE7CH67S1AB5369,0.28311965
38EHZ67RIMS7FOUSW2QIEXEW4GPGM4,0.3238386
30EMX9PEVKJFF53G6Q7JOY5V3MJKSI,0.2903066
3T2HW4QDUV7FRSVT57QUJKNX6PRC9S,0.40040705
3PMR2DOWOO1TV1G2927VO667SGR54H,0.19780931
3R16PJFTS3RWDK15GPB1QVPPP6M4K1,0.27754435
3X52SWXE0X5Q3O81YI0MX4V84QBWC1,0.26933873
3ZFRE2BDQ9EI0HO101GGALA0MAYXZP,0.31433502
3S4TINXCC0NZOA7TTWDH5QC4J3COBA,0.24507323
3XT3KXP24ZYJMCFVZAJ4ADUQTTX6I7,0.2957673
3LCXHSGDLT6CT5B6A4WGQ3SQJPNSE6,0.43572348
30Y6N4AHYPWV0KXTZKLRUB59XB3DRA,0.14630651
3UZUVSO3P7V9VAY1Q70UEUTKR05MEO,0.27754435
38VTL6WC4AD9T8UMY9V24VAENII5YW,0.26820165
307L9TDWJYSC3U34DOYY8IEN51V3NK,0.5059305
3LN3BXKGC0V3K0O604W5NVGN2I3WGB,0.20853454
3KWGG5KP6J2UYCENUGUZO6TH6OXMC0,0.28479397
3EFNPKWBMSO9IYBXCIW0X6IAX9C303,0.5722426
32L724R85LKRWIX0E6IDGDL7OYSIPU,0.55485153
3KLL7H3EGD1457JCU09RMT9AA99HVG,0.19780931
3RWB1RTQDJNY7CLN5K6M3ORTL2NP8T,0.1860592
3TLFH2L6Y9OLDPC56K65Y7FNO69T2U,0.27430725
307L9TDWJYSC3U34DOYY8IEN52NN3Y,0.1860592
3P888QFVX3UMSG9ICEA70F73538QOJ,0.48610076
3OJX0UFJ0Z7BDMCTRYBUDQ93DQQU9E,0.2218529
3F6045TU7DODTUOQTNG3HUMP04O998,0.34079492
3TUOHPJXYHXE6MJWPEW9BHGI58UXWZ,0.36176974
3R15W654VDTEMV6LZMUF8Y39AY3LQX,0.1935642
3NOEP8XAU42OMDMVDSIEJN8MCBRPXW,0.53466666
3AJA9FLWSCYF558603M84J73MTYFIJ,0.28343174
3M4KL7H8KVN8M6JXR3YYIED4CRR61K,0.4001078
3A520CCNWN08T9PCT4AP53YKXLYEAI,0.2526399
3K3G488TR280K6307ZE8R97COALQ50,0.33288476
3VMV5CHJZ8FBSJKC5ZRU0B9OYQYGTM,0.37837952
3E24UO25QZQTIYQYX5W9UAQC54EO66,0.1893468
3AQN9REUTFG4XL9FDFDL27Y60ZJYD0,0.17831863
3E22YV8GG16JAJ8RBMV5LLHOAYIPNF,0.3125356
3D7VY91L65XBO7MHGGY4DMNZO5CMBC,0.2718205
3TZ0XG8CBUKDFP5GOVAPHYREGZ289G,0.30595762
39KV3A5D187RKQWWNWIAKT09X41S76,0.24762863
3WPCIUYH1A88GZAL39QMUQ6RLX2DTR,0.35641003
3INZSNUD80QPWK1753L53Q5FRQZD9R,0.3101335
3IHWR4LC7DD6QQYJSPG2URQHZQ58IH,0.31038257
3O71U79SRBPA5T3JR2KZ3BXZSSFMSS,0.2845398
3S829FDFT21FXGJ58JRJJTRXYU6DXS,0.4407648
3ROUCZ907FUJ74W2X1I3BAC3Q4AOOX,0.35876992
3V7ICJJAZAGVKHXBACY8RS6Z2D9B4M,0.33309636
3J9UN9O9J3SK3CDMF3ONDDZZT62J0Z,0.21725018
3IHWR4LC7DD6QQYJSPG2URQHZQ5I8R,0.37837952
3HFWPF5AK9J9J7V9LKFK7COTS1Z3SU,0.3996751
32FESTC2NHQDBKJW3ILLFGABJCFUCJ,0.38986015
3XH7ZM9YX2UJXUKCN4GP8FMJ6RPR9A,0.26641276
3ZC62PVYDHATVMOMZJSVD0UPEB1XXV,0.3013574
3MWOYZD5WVO1PJWQWMIQWLCY0TMONX,0.17201535
3X0EMNLXEPPWIOH0DDHWV2B1W23VPN,0.24488351
3CESM1J3EI31N7Z0ORNJB43Y86E6W1,0.19873692
3R6RZGK0XFCQR29140DF8T4D074YVI,0.44426507
3HYV4299H0WUALWXW6QB9CSP7XY8E8,0.23540683
3W3RSPVVGSR6EOD2GVEKIZ0YDLRLUO,0.3419392
3TTPFEFXCTKJQH4BTS1JA1TBTHK6HI,0.38435736
3L21G7IH47WA5QT3XMTQ15XXB301YZ,0.20741229
3E6L1VR4XWMZCLD5Y2DJ7GHYD26F6S,0.32190195
3VMV5CHJZ8FBSJKC5ZRU0B9OYQYTGZ,0.19819571
3ZQA3IO31BRYBCP1RZKSZEZVXSIO1Q,0.22863138
3BJKPTD2QCC2H9TQLAL6ZFNV0Z9RTT,0.22512905
3UUIU9GZC55DCMVSO383WEIZ8HK5TT,0.3996751
344M16OZKIFFDSJ128FUR9IKWSXNEB,0.36509743
3SA4EMRVJV2GPNGKAGT7A9LB257P04,0.46067485
3XQ4XW3OD9CKYPZQHK1FO2J1MOHS2S,0.34526426
3SMIWMMK615MPIP1K9LMRAHEBREUW7,0.3002503
3D5G8J4N5A4UAGA7UUQG0CCYL5MVTQ,0.36509743
3UUSLRKAUL3LI1DEQ6NLPUE9W1RD7X,0.24827832
3G5RUKN2EC3YIWSKUXZ8ZVH95VH9NN,0.32426268
3ZRKL6Z1E83ADJ7XGZM4Q6D2W64GSF,0.30659077
322ZSN9Z5GKVG3RSAYPTRMCL8LP4TN,0.36527178
3ULIZ0H1VA5C32JJMKOTQ8Z4GXD512,0.30411986
3MG8450X2OAW59S08N7RZG9IIUBPU7,0.25362217
3MDWE879UH2WHN3NR7UZ80HFO669B1,0.24576704
3KI0JD2ZU1IMXSYZGJF7JO4HFEO76H,0.44426507
38RHULDV9YFHGRU1QSW887T3HX8IW6,0.24409164
3N5YJ55YXG3CNF2PM3D8VQSTBDZAN3,0.34774247
3FULMHZ7OUXR381811OH58HTEDVM46,0.3155516
3FULMHZ7OUXR381811OH58HTEDT4MM,0.3155516
386659BNTLHD8VXIPEIH9D3DZQJ10W,0.22324911
30IRMPJWDZJ3EQ33R17EYO0ZHL1KRX,0.2122176
3X2YVV51PU46GLY3ILB2G8CH0V01W0,0.4134714
3X2LT8FDHWIORLIOH6KHVIZPE138WO,0.17181614
3J94SKDEKIP6VXZV2D8ORA0D5VW5DA,0.24827832
33NKDW9FFXI5SODR8NW8ZN9FDUUCXR,0.2666583
334ZEL5JX6FY5WOV4IZCVFM4NTBOSS,0.3546154
3W0KKJIARR9XWLO7SS1E775URUU8KS,0.34843194
3K2CEDRACB1BKTGYG2PPDGTLUCCMT2,0.24827832
3SA4EMRVJV2GPNGKAGT7A9LB26QP0P,0.3510692
3NBFJK3IOHIVFRF49I5V6131ZIHOG8,0.38986015
3BCRDCM0ODUAS75JZD4GNT93LZ4K6I,0.32190195
37AQKJ12TXOFXO6IPZQ1ZUODOK8TTA,0.27936947
30P8I9JKOILSPEZHTY8IXW6K522V51,0.4413534
3FO95NVK5C0129GBWAGGPAR9YGVSR5,0.14467584
3XBXDSS888JYVS7XL0P726Z272RXL9,0.34774247
367O8HRHKG8U13EDLYK3HHGZ61US43,0.3125356
3V7ICJJAZAGVKHXBACY8RS6Z2EPB44,0.2735352
31S7M7DAGGQREBYDGQOAD3EWU7KLTX,0.4146675
3P520RYKCH6SCZAHO8YD1A41RUAU5Q,0.44426507
33TGB4G0LPHME5F2U9RYOX9J1FDXTC,0.22733483
36KM3FWE3RCRJHCKEUZQANUQ2B170F,0.30774188
3RQVKZ7ZRKJYFRFYTH34TBN5ZA572L,0.17728934
3PUV2Q8SV448KDG43NZ1UW05FQ2DB1,0.36509743
3RSBJ6YZECQP1RJ9YYZDOG3PY21OFR,0.28912938
3YCT0L9OMM9GNBOJ33ZZGQMZXJ6NSC,0.34635133
3IVKZBIBJ09ODF28054MB6P3B7ZSHA,0.30774188
359AP8GAGGKBD970QASA5OWRB0ZC7E,0.21907216
39N6W9XWRDN795J6F5ET8S13DSIYGV,0.25362217
3A3KKYU7P3H3CAKSB7U0000KY5BWMH,0.29020768
34R0BODSP1ZBN3DVY8J8XSIY56HE5U,0.29024023
3XEDXEGFX3OFEWJ4XOOZESZC8WI0KX,0.26509807
31KSVEGZ34SU9QXKGFQHMZUU4TRWRO,0.36527178
3AXFSPQOYQYB0GSCIL78GKM3Z8RJF3,0.21725018
3WJGKMRWVI9RUI8AHNVW5G6NXB2DC8,0.44426507
3BAWBGQGYLZ7CID0HRNFVGKGW8VV7E,0.5020301
3J9L0X0VDFMO5Q1YMYQVVEU0Y64W9I,0.24576704
35F6NGNVM8JSZQ9BCWN0UYWVZNFT7W,0.18822153
3HKIF5DF6YXS84BY7TMD9B8C4IFG94,0.4134714
33P2GD6NRNSQPWP0VWVKKKYTUDKKHJ,0.24626276
3VMV5CHJZ8FBSJKC5ZRU0B9OYPHTGG,0.28766724
3BDORL6HKKDLVSRFZOQGA5NRCCTCRD,0.2365393
3W3RSPVVGSR6EOD2GVEKIZ0YDKBLU6,0.23993286
3ULIZ0H1VA5C32JJMKOTQ8Z4GYW51N,0.4134714
3P888QFVX3UMSG9ICEA70F73549OQK,0.44591472
3IWA71V4TIGGC74QYWJ5DNH5H72X61,0.32426268
3XEIP58NL0NN0N7CMIDSZRFDF2PZL8,0.24635834
3GV1I4SEO9PLCDN1KDGH2TMIAZA6L8,0.24576704
378G7J1SJLY50MSFU96HNSVBP44EWW,0.14467584
3SZYX62S5G0QEOYLB052RIQHJKT57H,0.3137998
36AZSFEYZ40UEUGQU8ZV0I6CFYNBVH,0.25794977
3HXCEECSQMT70MEB5X2ITZH9OICZYL,0.37384024
371DNNCG442WZ4EUM1F68YSQA7L8TY,0.38986015
38XPGNCKHT0ATVVHFTP8S40655P4VL,0.16485235
3XQ4XW3OD9CKYPZQHK1FO2J1MNZ2SI,0.3996751
3X52SWXE0X5Q3O81YI0MX4V84R8CWG,0.24827832
341H3G5YF0EA3RIQXPR917NPC4EZ0Z,0.3194816
3FDWKV9VCN2QK6VNG7FZICFNDQGUMY,0.3510692
3MD8CKRQZZN836XL9G72X90M2W1RJ5,0.21725018
3VGZ74AYTGGU62I1JDW4B19KA4YGC3,0.4134714
3N7PQ0KLI5P89OQRKPVFIVKERAQE34,0.44426507
3ZUE82NE0A1MGZWTRHAHRUDPJXWF8E,0.3688002
34F34TZU7WZRZMG0UQS1W1SEQ52J21,0.31038257
3XEDXEGFX3OFEWJ4XOOZESZC8WIK0H,0.17728934
3INZSNUD80QPWK1753L53Q5FRRFD99,0.37304714
3GMLHYZ0LEXQENK1ZA3AC72UMZEUY6,0.24827832
3MNJFORX8B43THDRTJ3EFA3YH8CF5V,0.27164584
3U74KRR67MLH2B1YS34PQVILZ14NTJ,0.20610054
3ZVPAMTJWN3YC47K1AMZ0W86A4LGRR,0.17728934
3VGET1QSZ0ZKR7D571SBHI3U3HZW7R,0.31038257
3SX4X51T809U5021NIDLAFSY1N4AOI,0.24576704
3OQQD2WO8I6KPTSDG8L63AI6J4GI32,0.21339217
3NOEP8XAU42OMDMVDSIEJN8MCD9PXI,0.37304714
3UAU495MIISEK9GZTNUCAG4S8PFOUP,0.44426507
3IVKZBIBJ09ODF28054MB6P3B7XHSX,0.2508051
38EHZ67RIMS7FOUSW2QIEXEW4HMGM3,0.16485235
3DA79LNS59VAY78OAKKAHHKFUKD3TJ,0.39016393
38LRF35D5LWPYKNDAPAKMD6HD1M3UI,0.24635834
3WGZLY9VCHMPIFIX0BFR3UA47KHD82,0.30004013
382GHPVPHSRQHMTYVJJ2998NEMD437,0.26509807
3909MD9T2ZH3P06K4KWHJ49BU1BEFV,0.4413534
3FVBZG9CLJEOC6IWR3L210JKGEY0HB,0.24576704
3KWGG5KP6J2UYCENUGUZO6TH6QDCMA,0.3194816
32L724R85LKRWIX0E6IDGDL7O07PIK,0.3783756
3LOJFQ4BOXF9DGKY90CUTZJV2LRKDA,0.3996751
3VDVA3ILIDFAJZ833G7KU5QT6781GZ,0.21939616
3XABXM4AJ15J7OM25XLB3TH3QZ68Q2,0.19321156
3MZ3TAMYTLNC8VDFRYM2L8LMPHCRIT,0.2666583
311HQEI8RSGOL2IAIOCIGMXCKJ1Z7I,0.3194816
3W31J70BASWZ8OEK94HJ9T1DHLFKCA,0.38982126
3UOMW19E6D6WQ5TH2HDD74IVKVLC5I,0.37960145
3OKP4QVBP2X6DNL3ZZ0D56JWA1DAGV,0.14467584
3UOMW19E6D6WQ5TH2HDD74IVKVNC5K,0.35138485
3HXCEECSQMT70MEB5X2ITZH9OHTYZZ,0.34108016
30EV7DWJTVV5CCU03S57W1OEJEE6Y0,0.18822153
3MIVREZQVHY32PO3EMIETYQUL0GKQF,0.3572735
3NZ1E5QA6Z1DG01BOHHIWKCD2AKB59,0.3002503
3HXK2V1N4KFH8KQZMK7YZO0YYC5G2C,0.24576704
3QE4DGPGBRBRBY5MQYQMS3XWIRHG4Q,0.30411986
3CZH926SICETRK9VK30YS0CK5AME4P,0.17408498
33EEIIWHK77HI0IFDQWLV71B1YNVQC,0.20610054
3SNR5F7R92TNZR8A5S22M1M3ASMEI3,0.19321156
337F8MIIMZDU0UU1CW1J7BAGB9C04P,0.15391436
3D1UCPY6GG9R0NG07M9FQLOSG7S83Z,0.24409164
3GL25Y6843UI1APILCQM2JER77HXMB,0.35876992
3X878VYTIEIIGLRAHCIBDUHU8DQF7R,0.24635834
3VDVA3ILIDFAJZ833G7KU5QT67A1G1,0.17831863
39WICJI5ATS6KJHNGC9S35LWFGZ3ZZ,0.14467584
3O71U79SRBPA5T3JR2KZ3BXZSTWMSB,0.3194816
3OPLMF3EU5NTJYTTJU2Y44845OHNLF,0.2718276
3XJOUITW8UR258EQ8VW6UPDQ4D7QTR,0.24635834
338431Z1FLFM4HOIPTZ755H81RUOR6,0.24827832
3YGE63DIN8X69WDLM27223T7V5D0WJ,0.39100322
3LEG2HW4UFNBUKU4B01GH30MXYLF2U,0.1935642
3JMQI2OLFZ5ALM516D4ALR0ZWFGDNQ,0.17587943
3AFT28WXLF29BILZZ65YRDGHEV9OI0,0.17408498
33N1S8XHHMLAAG38T8V9FC6ZHX1Z1L,0.35519713
33BFF6QPI1B2QOCI5PPL41REYFC3WS,0.3572735
335VBRURDJ0UOQF71YWP98N0R20E9L,0.3155516
32K26U12DNONTREA84Q1V8UCIJYVD7,0.19873692
3ZTE0JGGCESIYFZZ7W9CGAIM1QSCOP,0.27191806
3W5PY7V3UP7H0797NBZW55TJ5KZJYK,0.34108016
3OND0WXMHWFN3WXQZAKHMPLOAGQHEY,0.20709977
3QE4DGPGBRBRBY5MQYQMS3XWIRH4GE,0.24622408
3BS6ERDL9372E1Z97WITJGED1PR6D9,0.20462757
3ATYLI1PRT256T55HOQY3EVHRA0OJE,0.26952368
3NBFJK3IOHIVFRF49I5V6131ZH1GOI,0.14630651
3ATYLI1PRT256T55HOQY3EVHRCJOJ1,0.24409164
3DWNFENNE3V120VNY4BPPGPCAII4J0,0.33923265
3GS542CVJVNUS7MEQX3M5EHNEAK59W,0.44426507
36818Z1KV3D5JB9F4KTTMCUN6W83AG,0.5020301
388FBO7JZRTDJX0S29ROYCA0E42YN1,0.17831863
3W31J70BASWZ8OEK94HJ9T1DHLICK5,0.19170529
33KMQD9OFJE51SC4ZTKZP24DAQR771,0.2718276
31KPKEKW4ADELTFARBB6FPGML29B0O,0.3002503
3Y3N5A7N4G971FFSQ8COLXL09ESYM1,0.35667652
3CESM1J3EI31N7Z0ORNJB43Y85WW67,0.20447227
344M16OZKIFFDSJ128FUR9IKWRGENJ,0.25362217
3Q2T3FD0ON86LCI41NJYV3PN0CH3MI,0.24827832
3OWZNK3RYLP0D2RU6PWF331P7KJU2P,0.46462494
3HY86PZXPYICZLCCXLHWU25HTRSE1U,0.4134714
3O0M2G5VC62CWOIECSKC0MB9EEP49Q,0.36842424
3RQVKZ7ZRKJYFRFYTH34TBN5Z9M27V,0.3752513
3EKTG13IZU3N1G8T7TNYRPJ40Y8LME,0.3546154
3L1EFR8WWT5MU4F3W9GVRQ8034W9FH,0.2631955
3L55D8AUFAXUST31DJIAI1GOFZ8CYF,0.24635834
3NSM4HLQNRUPDSMYRR2BPK23K8TQQ2,0.3364374
3EHVO81VN5LOJV3ENMP2F52UL641HF,0.24626276
3NC6WP7WJHKZHME6F90N9Y2BW7PWW8,0.18715475
32L724R85LKRWIX0E6IDGDL7O05PII,0.26066282
3NQUW096N688UWPZIKJTM3DK00K9LO,0.27804837
38F60IALAGHEHF9RRX2RFJM8RBUT0L,0.34108016
3D1TUISJWI04ON5WVSH7QJ86WHZUIL,0.36527178
39HYCOOPKOL434K1UCPA8CBZRP6DMQ,0.30595762
36818Z1KV3D5JB9F4KTTMCUN6VS3AY,0.23993286
3126F2F5F83FGDVEINSMVYNFW7YPE9,0.32426268
3O71U79SRBPA5T3JR2KZ3BXZSTWSMH,0.29020768
33EEIIWHK77HI0IFDQWLV71B1YNQV7,0.34774247
3CVBMEMMXBG2UHIGC26BGFT7OTMH7C,0.87771714
3VW0145YLYCH6QKT48BLBA6CWALMJX,0.17408498
3UAU495MIISEK9GZTNUCAG4S8QVUOD,0.14467584
3RSBJ6YZECQP1RJ9YYZDOG3PY3HFO0,0.24576704
3G5RUKN2EC3YIWSKUXZ8ZVH95VK9NQ,0.24409164
3QMELQS6Y5BWFBIEPXDDO5VHGR16R0,0.418117
3RKHNXPHGWWVUIVKVV2J3ZNJOLMKUK,0.4081147
3MXX6RQ9EV5XOBYLTHG9MCBOJI4P43,0.5020301
37YYO3NWHDQHPQ2WHR0LLAO5CC7CCQ,0.36509743
3D4BBDG7ZHWTCQ6DOYPKS7KB6ZWC3U,0.35905746
36JW4WBR06KF9AXMUL4N476OMGMHFV,0.3125356
3QX22DUVOOHQXLKNLXP4EYH6RZBVME,0.2903066
34KYK9TV2R8EM2ZM0DUQPVM5GUUSBU,0.30595762
3QD8LUVX4XYKT34CTD90LH35LCRX5L,0.15704739
38VTL6WC4AD9T8UMY9V24VAENJ25YI,0.32426268
3DTJ4WT8BDF9UHXK5WQOMWPT668EZM,0.3155516
3CMV9YRYP31X08284WA6BXRNW5TLJS,0.20610054
3S8APUMBJXJ5IXU0UTURIW3QR4YBFS,0.34774247
3J6BHNX0U9SIZSBBYUQXP4VPGOCNKC,0.2508051
3087LXLJ6MG4YARQWDX2YF77001F0A,0.24827832
3MVY4USGB6NO9ADS6NM7BIQIBKCSI1,0.29020768
3LB1BGHFL2WBEA5CZ5D07BGS3MOTYX,0.36842424
3YKP7CX6G2FS34FUCAWFU4Q9TFZB76,0.36842424
3KWGG5KP6J2UYCENUGUZO6TH6QCMCJ,0.21295097
34R0BODSP1ZBN3DVY8J8XSIY57XE5C,0.44426507
324N5FAHSXBV7XKK0LCOZLP22SVKV9,0.1211288
37ZQELHEQ0YDPGBEJ63D4HNT5UONM0,0.4134714
3B9J25CZ25DXW7RSEDQL0FSNYFVCSM,0.29020768
3MD8CKRQZZN836XL9G72X90M2XKJRI,0.37304714
3DWNFENNE3V120VNY4BPPGPCAIIJ4F,0.18822153
3TUOHPJXYHXE6MJWPEW9BHGI59VXW2,0.46067485
34XASH8KLQMDS1NRZLG586SO59PPMY,0.2508051
3IKDQS3DQE082TOW91W7WDM0PGAICF,0.23283961
3VMHWJRYHVGCV0X1ZPM97TUIA65XF4,0.28310925
3J5XXLQDHMBPBZCDFFKPIZ80R8V3V7,0.26509807
33CLA8O0MIBSY4BPQQGHIB8U9Q3RFN,0.3510692
3OJX0UFJ0Z7BDMCTRYBUDQ93DQTU9H,0.32052884
3UY4PIS8QRLGTRPPQKKFKPZQ7JU1N7,0.19170529
385MDVINFCFDB2E78AH8K883UBGJW0,0.26509807
3ZVPAMTJWN3YC47K1AMZ0W86A51GR9,0.30094323
378G7J1SJLY50MSFU96HNSVBP3KWES,0.35370547
3VIVIU06FKCLBF0NMQQLZ9RCJVUIMF,0.19745854
3RTFSSG7T86J6S27BVTL0NLVY14WL0,0.30506006
3M7OI89LVYOS99TV70NIZAWVGQW6CS,0.17201535
3D4BBDG7ZHWTCQ6DOYPKS7KB6ZT3CI,0.38986015
32TMVRKDGNYCIJZ470EY0QGYU8548Z,0.3101335
3NC6WP7WJHKZHME6F90N9Y2BW88WWT,0.3101335
32CAVSKPCEPTOH9YNLW1YKRKFE5U18,0.29103953
3R868ACW4SC7EVTBBRGCMZA5JMMZGN,0.26526785
3ZG552ORAM40QHGUBF6KZP38LRSV2F,0.33916378
30U1YOGZGAW71ZX6E9LWKLA5JF4DSK,0.30190524
3IWA71V4TIGGC74QYWJ5DNH5H8K6XU,0.26654583
3XD2A6FGFNUVY9KP2TGUYPRFST8S9Z,0.44165865
3PR3LXCWSFZ3UQ6OW3MHXX8779TX9X,0.16907492
32TMVRKDGNYCIJZ470EY0QGYU84842,0.23283961
3RWSQDNYL9MVVE6GZVGN1MUB62QFFE,0.24711475
3JUDR1D0D6R8L9KDPGCAT24040X2QE,0.24576704
37NXA7GVST66R322LLOPEL2HRRJVL4,0.28516847
3UOMW19E6D6WQ5TH2HDD74IVKVN5CD,0.42452967
3VEI3XUCZRX4PH0J4TCMU5MYBWOPRM,0.32426268
3MYASTQBG7BVOJITM5WRPLV41RJQD8,0.27380925
33EEIIWHK77HI0IFDQWLV71B108QVW,0.44028988
3O4VWC1GEW6GK4CJYQ66FBX6WJ2J3C,0.37231055
3LN50BUKPVBTMJ56Z9FQ8TDZ54ZLPS,0.25716794
3BDORL6HKKDLVSRFZOQGA5NRCCSRCR,0.31038257
3H4IKZHALBIJ7YWEV7IDHWCTAKYNN0,0.38355303
36KM3FWE3RCRJHCKEUZQANUQ2B2079,0.28516847
3W1K7D6QSBHBNEL0V5OYLOJ838CBZY,0.4134714
3K8CQCU3KE19US5SN890DFPK3W4WN2,0.43572348
3VW0145YLYCH6QKT48BLBA6CWALJMU,0.3344986
31ANT7FQN82N7D4XO9REIVFBXNS5HM,0.36509743
3BA7SXOG1JQJJP12ICAB8JR8ML7R8L,0.3155516
38F60IALAGHEHF9RRX2RFJM8R8ST0D,0.15704739
3NKW03WTLM7UXPIK301HH9KP87PWQN,0.31742564
3WGCNLZJKF877FYC1Q6COKNWTFRD10,0.23993286
3DA79LNS59VAY78OAKKAHHKFUNF3TR,0.25494057
3FULMHZ7OUXR381811OH58HTEDW4MP,0.23283961
3TKXBROM5TAVA7U2JTDTJHZVF11JIE,0.26509807
3RDTX9JRTY19FB0XEQIJ3YVJ5FW97U,0.24827832
388FBO7JZRTDJX0S29ROYCA0E42NYQ,0.16485235
3UUSLRKAUL3LI1DEQ6NLPUE9W0BD7F,0.38986015
3LN50BUKPVBTMJ56Z9FQ8TDZ56KLPH,0.17408498
3SSN80MU8CONBMPF00D6N6MNI33KXC,0.24576704
37OPIVELUU3KDJGEJ5IVQ6VXP09HAI,0.3125356
34YWR3PJ28ALYWIBW73O4M7E44H0X4,0.44426507
3OREP8RUT2BBWXQV5D090H32SIIGBE,0.3233596
3CVBMEMMXBG2UHIGC26BGFT7OS3H7R,0.19745854
30F94FBDNRKF12C1PDZGZ0IRID7BT1,0.29036605
3OWZNK3RYLP0D2RU6PWF331P7L0U28,0.1211288
3ZRKL6Z1E83ADJ7XGZM4Q6D2W63SGQ,0.44426507
38VTL6WC4AD9T8UMY9V24VAENILY5S,0.3002503
363A7XIFV4MPVKBYOUZZ57M6XFLAV2,0.24576704
39AYGO6AFFKB0DQMWQWWFLQ7FTSN67,0.38435736
30EMX9PEVKJFF53G6Q7JOY5V3O1KS4,0.29595912
3R5LWXWHR08I90TWA9SRPEUUBL6GXN,0.30094323
306996CF6WKESI0SNUF6TUZWQUFB1R,0.3002503
3PIOQ99R7YMW2OGNS8UZVR4NIFBNUA,0.3996751
3NZ1E5QA6Z1DG01BOHHIWKCD2945BL,0.14467584
3MXX6RQ9EV5XOBYLTHG9MCBOJHNP4K,0.17408498
3TLFH2L6Y9OLDPC56K65Y7FNO7W2TS,0.44426507
3GS542CVJVNUS7MEQX3M5EHNE9159B,0.32864538
36JW4WBR06KF9AXMUL4N476OMH3HFE,0.46067485
3EN4YVUOUCSS02JXIFDUMRMA3DMXJ7,0.14467584
3MQKOF1EE2O08GEFYEVXHADQPS2WDK,0.18029153
3HFWPF5AK9J9J7V9LKFK7COTS413S2,0.14566255
3H5TOKO3D9JPE5GGELH0GCK7OCY46U,0.44426507
3G3AJKPCXLSRXPQMK4CSZ340NMQY4N,0.36527178
3K3G488TR280K6307ZE8R97CO955QX,0.3125356
3VGZ74AYTGGU62I1JDW4B19KA41CG2,0.24635834
3UEBBGULPFOKEW36UKBMNMVEGP7UFU,0.31427154
3126F2F5F83FGDVEINSMVYNFW70PEB,0.3434934
324N5FAHSXBV7XKK0LCOZLP22SVVKK,0.3546154
3R15W654VDTEMV6LZMUF8Y39AZ5LQ1,0.19212574
363A7XIFV4MPVKBYOUZZ57M6XFKVAM,0.44426507
3B6F54KMR2CD94HUYG11JJ9WUHKS1Q,0.2631955
3ATYLI1PRT256T55HOQY3EVHRA0JO9,0.19321156
3FDWKV9VCN2QK6VNG7FZICFNDP0UMG,0.22863138
3D0LPO3EABZV1I043OR1D1A54E7YOG,0.25139448
371QPA24C2OEO4U9NG6RTO5IW0Z1TP,0.512057
3LAZVA75NIR50X7XA3K64X90PYWO27,0.29134968
3LAZVA75NIR50X7XA3K64X90PZCO2P,0.27356002
3RIHDBQ1NEYLFKP3G880ZXQXJIFMHQ,0.17728934
3CKVGCS3PG5D2FWC2XX15EQMPQXS08,0.34108016
306996CF6WKESI0SNUF6TUZWQUG1BI,0.33571324
3BFF0DJK8XCEIOT30ZLBPPSRM0BTS0,0.24409164
3RWB1RTQDJNY7CLN5K6M3ORTL408PT,0.22629231
31ODACBENUF1Q81BJVRGKKH42TCSQL,0.44426507
3FW4EL5A3LORTQISN5M9XK6XOT022F,0.24678858
382GHPVPHSRQHMTYVJJ2998NEMF439,0.4413534
3909MD9T2ZH3P06K4KWHJ49BU1BFEW,0.19873692
3B0MCRZMBRUJD4K4R18XPAMJAE2PPW,0.3510692
3IKMEYR0LWVMA6MICBSDXGSR5U2K21,0.3996751
37M4O367VJI9ZR58F67RA0N7E885MA,0.26915637
36JW4WBR06KF9AXMUL4N476OMH3FHC,0.3829698
3VJ4PFXFJ37PI5MYJ4PU9LKNJ8BUAW,0.3194816
